çŠ¶æ€,é“¾æ¥,æ´»åŠ¨id,upid,æŠ½å¥–æ—¶é—´æˆ³,æŠ½å¥–æ—¶é—´,ä¸€ç­‰å¥–,äºŒç­‰å¥–,ä¸‰ç­‰å¥–
1,https://www.bilibili.com/opus/988741006748811319,988741006748811319,1340190821,1729580820,2024-10-22 15:07:00,éšæœºè§’è‰²å‘¨è¾¹,æ— ,
1,https://www.bilibili.com/opus/988133071332048918,988133071332048918,9862450,1729587600,2024-10-22 17:00:00,ä¸­å›½å¤å»ºç­‘ç»“æ„å›¾é‰´,æ— ,
1,https://t.bilibili.com/985875344416309251,985875344416309251,3546679548577863,1729587600,2024-10-22 17:00:00,æ˜Ÿç½—åŠ åšå¼¹æ€§é¼ æ ‡å«,æ— ,
1,http://www.bilibili.com/opus/968818092259934240,968818092259934240,1105739740,1729612800,2024-10-23 00:00:00,æ— ,æ— ,æ— 
1,http://www.bilibili.com/opus/986205238739337235,986205238739337235,1310714247,1729612800,2024-10-23 00:00:00,æ— ,æ— ,æ— 
1,http://www.bilibili.com/opus/982851996714270721,982851996714270721,229808285,1729612800,2024-10-23 00:00:00,æ— ,æ— ,æ— 
1,http://www.bilibili.com/opus/980317996064964610,980317996064964610,32708362,1729612800,2024-10-23 00:00:00,æ— ,æ— ,æ— 
1,http://www.bilibili.com/opus/988890793747939346,988890793747939346,873668,1729612800,2024-10-23 00:00:00,æ— ,æ— ,æ— 
1,http://www.bilibili.com/opus/987272974024310823,987272974024310823,321173469,1729612800,2024-10-23 00:00:00,æ— ,æ— ,æ— 
1,http://www.bilibili.com/opus/986205238701588488,986205238701588488,1312702972,1729612800,2024-10-23 00:00:00,æ— ,æ— ,æ— 
1,http://www.bilibili.com/opus/985886442866606083,985886442866606083,512488108,1729612800,2024-10-23 00:00:00,æ— ,æ— ,æ— 
1,https://www.bilibili.com/opus/988436480652214290,988436480652214290,321173469,1729638000,2024-10-23 07:00:00,ã€å¤§ä¼šå‘˜è§‚å‰§ç¤¼åŒ…*1ã€‘,æ— ,
1,https://t.bilibili.com/986252163419209730,986252163419209730,3546563777399037,1729645200,2024-10-23 09:00:00,è§’è‰²å‘¨è¾¹ç«‹ç‰Œ-éšæœºæ¬¾,æ— ,
1,https://www.bilibili.com/opus/988802841362563136,988802841362563136,620667498,1729648800,2024-10-23 10:00:00,ã€å‘¨å¹´ç¤¼ç›’ã€‘,ã€å…‹èèæŠ±æ•ã€‘,ã€é­”å¥³å¾½ç« ï¼ˆéšæœºæ¬¾ï¼‰ã€‘
1,https://www.bilibili.com/opus/988757787152482304,988757787152482304,1636034895,1729652400,2024-10-23 11:00:00,è²æ—*500,æ— ,
1,https://t.bilibili.com/989245588068368389,989245588068368389,27534330,1729652400,2024-10-23 11:00:00,èŠ±ç«ç«‹ç‰Œ1ä»½,æ— ,
1,https://t.bilibili.com/986310609276502034,986310609276502034,32708543,1729656000,2024-10-23 12:00:00,ç­¾åç…§1å¼ ,æ— ,
1,https://t.bilibili.com/988428676722851846,988428676722851846,473519710,1729670400,2024-10-23 16:00:00,ROGæ¸…æ´å¥—è£…,æ— ,
1,https://t.bilibili.com/988833640602402816,988833640602402816,119801456,1729672680,2024-10-23 16:38:00,ä¸‡å…ƒä»¥å†…æ‰‹æœº,dji pocket3,é—ªæå……ç”µå®
1,https://t.bilibili.com/988749021167222801,988749021167222801,1861940979,1729674000,2024-10-23 17:00:00,ã€Œé˜¿æ³¢æŒ‚é’©éšæœºæ¬¾ã€*1,æ— ,
1,https://t.bilibili.com/980314289480925204,980314289480925204,2139961917,1729677600,2024-10-23 18:00:00,æ¼«å±•é™å®šå‘¨è¾¹å¥—ç»„,æ— ,
1,https://t.bilibili.com/989491621020041240,989491621020041240,100785033,1729677600,2024-10-23 18:00:00,ä¿„ç½—æ–¯å†°ç®±è´´,æ— ,
1,https://t.bilibili.com/990692674220589091,990692674220589091,586789337,1729678560,2024-10-23 18:16:00,æ•å¤´ä¸€åª,æ— ,
1,https://t.bilibili.com/988501725557030913,988501725557030913,39067817,1729682940,2024-10-23 19:29:00,æœˆåº¦å¤§ä¼šå‘˜,æ— ,
1,http://www.bilibili.com/opus/989167436885393413,989167436885393413,473499647,1729699200,2024-10-24 00:00:00,æ— ,æ— ,æ— 
1,http://www.bilibili.com/opus/990341292207636486,990341292207636486,29652077,1729699200,2024-10-24 00:00:00,æ— ,æ— ,æ— 
1,http://www.bilibili.com/opus/989117069767213093,989117069767213093,436170053,1729699200,2024-10-24 00:00:00,æ— ,æ— ,æ— 
1,http://www.bilibili.com/opus/989112753331372040,989112753331372040,3546389246118189,1729699200,2024-10-24 00:00:00,æ— ,æ— ,æ— 
1,http://www.bilibili.com/opus/982409228548309017,982409228548309017,1902330279,1729699200,2024-10-24 00:00:00,æ— ,æ— ,æ— 
1,http://www.bilibili.com/opus/976510696527233097,976510696527233097,110487933,1729699200,2024-10-24 00:00:00,æ— ,æ— ,æ— 
1,http://www.bilibili.com/opus/989503000541134896,989503000541134896,458088758,1729699200,2024-10-24 00:00:00,æ— ,æ— ,æ— 
1,http://www.bilibili.com/opus/980653557575319591,980653557575319591,1008872578,1729699200,2024-10-24 00:00:00,æ— ,æ— ,æ— 
1,http://www.bilibili.com/opus/989112113364467717,989112113364467717,1746158065,1729699200,2024-10-24 00:00:00,æ— ,æ— ,æ— 
1,http://www.bilibili.com/opus/990676052707639297,990676052707639297,870131,1729699200,2024-10-24 00:00:00,æ— ,æ— ,æ— 
1,http://www.bilibili.com/opus/979112342924034056,979112342924034056,1746158065,1729699200,2024-10-24 00:00:00,æ— ,æ— ,æ— 
1,http://www.bilibili.com/opus/980732909250936841,980732909250936841,39279965,1729699200,2024-10-24 00:00:00,æ— ,æ— ,æ— 
1,http://www.bilibili.com/opus/979111977833988121,979111977833988121,1746158065,1729699200,2024-10-24 00:00:00,æ— ,æ— ,æ— 
1,http://www.bilibili.com/opus/989122434186608665,989122434186608665,109860794,1729699200,2024-10-24 00:00:00,æ— ,æ— ,æ— 
1,http://www.bilibili.com/opus/987826234566115331,987826234566115331,436170053,1729699200,2024-10-24 00:00:00,æ— ,æ— ,æ— 
1,http://www.bilibili.com/opus/989225358776598532,989225358776598532,386055742,1729699200,2024-10-24 00:00:00,æ— ,æ— ,æ— 
1,http://www.bilibili.com/opus/990373592510234641,990373592510234641,327592483,1729699200,2024-10-24 00:00:00,æ— ,æ— ,æ— 
1,http://www.bilibili.com/opus/986624726056042513,986624726056042513,356084798,1729699200,2024-10-24 00:00:00,æ— ,æ— ,æ— 
1,https://www.bilibili.com/opus/988014281097216008,988014281097216008,3546599741458758,1729737000,2024-10-24 10:30:00,ä¼šæ³½çº±å¼¥çš„äº²ç¬”ç­¾åæ¿,æ— ,
1,https://www.bilibili.com/opus/989128202349707265,989128202349707265,1636034895,1729738800,2024-10-24 11:00:00,è²æ—*500,æ— ,
1,https://www.bilibili.com/opus/989135757183549461,989135757183549461,1636034895,1729739700,2024-10-24 11:15:00,éšæœºè§’è‰²äºšå…‹åŠ›ç«‹ç‰Œ*1,æ— ,
1,https://www.bilibili.com/opus/990626475892801558,990626475892801558,70744200,1729742400,2024-10-24 12:00:00,å®šåˆ¶æ°´å£¶ å®šåˆ¶é¼ æ ‡å« å®šåˆ¶å®šåˆ¶èºä¸åˆ€å¥—è£…,æ— ,
1,https://www.bilibili.com/opus/989681145021988865,989681145021988865,50329118,1729742400,2024-10-24 12:00:00,2233æ•¦ç…Œä¼ä¹å¤©ç³»åˆ—æ¡Œå«,æ— ,
1,https://www.bilibili.com/opus/989130293966274616,989130293966274616,883724,1729742400,2024-10-24 12:00:00,è¾¾éŸ³ç§‘VIVALDIè“ç‰™è€³æœºï¼ˆé¢œè‰²éšæœºï¼‰,æ— ,
1,https://www.bilibili.com/opus/988099918427062308,988099918427062308,2139961917,1729764000,2024-10-24 18:00:00,ä»™å‰‘29å‘¨å¹´çºªå¿µå†°ç®±è´´,æ— ,
1,https://www.bilibili.com/opus/986976088739545138,986976088739545138,1323227037,1729778400,2024-10-24 22:00:00,50å…ƒçº¢åŒ…,æ— ,
1,http://www.bilibili.com/opus/985204698156892168,985204698156892168,2177350,1729785600,2024-10-25 00:00:00,æ— ,æ— ,æ— 
1,http://www.bilibili.com/opus/986603947004264450,986603947004264450,3461568327059704,1729785600,2024-10-25 00:00:00,æ— ,æ— ,æ— 
1,http://www.bilibili.com/opus/985204874245308434,985204874245308434,234430486,1729785600,2024-10-25 00:00:00,æ— ,æ— ,æ— 
1,http://www.bilibili.com/opus/989102767524020232,989102767524020232,3493261618448896,1729785600,2024-10-25 00:00:00,æ— ,æ— ,æ— 
1,http://www.bilibili.com/opus/989854242920464384,989854242920464384,1276013191,1729785600,2024-10-25 00:00:00,æ— ,æ— ,æ— 
1,http://www.bilibili.com/opus/986564317323198489,986564317323198489,3493259242375305,1729785600,2024-10-25 00:00:00,æ— ,æ— ,æ— 
1,http://www.bilibili.com/opus/989491919517122579,989491919517122579,522202853,1729785600,2024-10-25 00:00:00,æ— ,æ— ,æ— 
1,http://www.bilibili.com/opus/989483157746090000,989483157746090000,1312702972,1729785600,2024-10-25 00:00:00,æ— ,æ— ,æ— 
1,http://www.bilibili.com/opus/987733493291155472,987733493291155472,3493110808054447,1729785600,2024-10-25 00:00:00,æ— ,æ— ,æ— 
1,http://www.bilibili.com/opus/989631770107314182,989631770107314182,3493123841853732,1729785600,2024-10-25 00:00:00,æ— ,æ— ,æ— 
1,http://www.bilibili.com/opus/983143786024534016,983143786024534016,618447026,1729785600,2024-10-25 00:00:00,æ— ,æ— ,æ— 
1,http://www.bilibili.com/opus/987627989562818566,987627989562818566,1312702972,1729785600,2024-10-25 00:00:00,æ— ,æ— ,æ— 
1,http://www.bilibili.com/opus/986870501261443078,986870501261443078,1821393327,1729785600,2024-10-25 00:00:00,æ— ,æ— ,æ— 
1,http://www.bilibili.com/opus/990643475393282080,990643475393282080,26012012,1729785600,2024-10-25 00:00:00,æ— ,æ— ,æ— 
1,http://www.bilibili.com/opus/988446865939759112,988446865939759112,28153104,1729785600,2024-10-25 00:00:00,æ— ,æ— ,æ— 
1,http://www.bilibili.com/opus/990685991249379337,990685991249379337,455722391,1729785600,2024-10-25 00:00:00,æ— ,æ— ,æ— 
1,http://www.bilibili.com/opus/990640176844767273,990640176844767273,187878266,1729785600,2024-10-25 00:00:00,æ— ,æ— ,æ— 
1,http://www.bilibili.com/opus/989956143195357205,989956143195357205,40488476,1729785600,2024-10-25 00:00:00,æ— ,æ— ,æ— 
1,http://www.bilibili.com/opus/988756455717863432,988756455717863432,480582281,1729785600,2024-10-25 00:00:00,æ— ,æ— ,æ— 
1,http://www.bilibili.com/opus/988703129436422163,988703129436422163,64664521,1729785600,2024-10-25 00:00:00,æ— ,æ— ,æ— 
1,http://www.bilibili.com/opus/972880152124981250,972880152124981250,434786180,1729785600,2024-10-25 00:00:00,æ— ,æ— ,æ— 
1,http://www.bilibili.com/opus/972552394518822929,972552394518822929,287886755,1729785600,2024-10-25 00:00:00,æ— ,æ— ,æ— 
1,http://www.bilibili.com/opus/983944919820271638,983944919820271638,436170053,1729785600,2024-10-25 00:00:00,æ— ,æ— ,æ— 
1,http://www.bilibili.com/opus/986624775433486353,986624775433486353,663083059,1729785600,2024-10-25 00:00:00,æ— ,æ— ,æ— 
1,https://www.bilibili.com/opus/990611890207981605,990611890207981605,436175352,1729821600,2024-10-25 10:00:00,ç¥–ç›ç‘é¦™æ°´ç¤¼ç›’,å¥³ç¥ä¹‹æ³ªÃ—10ï¼ˆç§ä¿¡å®˜æ–¹UID&åŒºæœï¼‰,å‘¨è¾¹ç¤¼åŒ…
1,https://www.bilibili.com/opus/980963108735418376,980963108735418376,49576477,1729828200,2024-10-25 11:50:00,IPHONE 16 PRO,æ— ,
1,https://www.bilibili.com/opus/989583443109085238,989583443109085238,483311105,1729828800,2024-10-25 12:00:00,æ¡”æœµ JC2 å¤§è·¯ç¯,æ— ,
1,https://www.bilibili.com/opus/982975597269483528,982975597269483528,15262818,1729832400,2024-10-25 13:00:00,88.88å…ƒçº¢åŒ…,æ— ,
1,https://www.bilibili.com/opus/982926072023613465,982926072023613465,1424972,1729832400,2024-10-25 13:00:00,88.88å…ƒçº¢åŒ…,æ— ,
1,https://www.bilibili.com/opus/977007396623745033,977007396623745033,471259688,1729836000,2024-10-25 14:00:00,å†¥ç‹ç¡è¡£ç³»åˆ—Qç‰ˆæ‰‹åŠï¼ˆéšæœºæ¬¾ï¼‰ä¸€ä¸ª,æ— ,
1,https://www.bilibili.com/opus/990726101977268243,990726101977268243,57863910,1729839600,2024-10-25 15:00:00,é‡‘æ¡5g ,è™å§¬-äº‘éœ“é›€ç¿,æç™½-è°ªä»™é†‰æœˆ
1,https://www.bilibili.com/opus/989498815091310601,989498815091310601,1340190821,1729840020,2024-10-25 15:07:00,æ˜Ÿç¼*500,æ— ,
1,https://t.bilibili.com/983221887887736869,983221887887736869,438321662,1729843200,2024-10-25 16:00:00,é‡ç”Ÿç»†èƒé™å®šç¤¼ç›’,æ— ,
1,https://t.bilibili.com/989483181405110281,989483181405110281,514978269,1729850400,2024-10-25 18:00:00,éšæœºå‘¨è¾¹ä¸€ä»½,æ— ,
1,https://t.bilibili.com/990604292424466436,990604292424466436,303469491,1729850400,2024-10-25 18:00:00,FLå¯»å…‰é›† ä¸–é—´çš„æ˜¼ä¸å¤œæ‘†ä»¶*1,ç±³å±±èˆç”»é›†ã€ŠEYEã€‹*1,
1,https://t.bilibili.com/981808650372775974,981808650372775974,3461576967326521,1729850400,2024-10-25 18:00:00,ã€è¯­å†°æµæ²™æ˜ä¿¡ç‰‡ã€‘*1,æ— ,
1,https://t.bilibili.com/988851975790526473,988851975790526473,20990353,1729850460,2024-10-25 18:01:00,VGN X JOJOçš„å¥‡å¦™å†’é™©è”åé¼ æ ‡,æ— ,
1,https://www.bilibili.com/opus/978916200356511749,978916200356511749,15717030,1729854000,2024-10-25 19:00:00,648å…ƒçº¢åŒ…,328å…ƒçº¢åŒ…,30å…ƒæœˆå¡
1,https://t.bilibili.com/981339751600619521,981339751600619521,1519841129,1729857600,2024-10-25 20:00:00,å“”å“©å“”å“©å°ç”µè§†æ¯›ç»’æŠ±æ•ï¼ˆå°å·ï¼‰1ä¸ª,æ— ,
1,https://t.bilibili.com/982448158087839797,982448158087839797,491461718,1729857600,2024-10-25 20:00:00,bilibilié©¬å£é“å¾½ç« ,æ— ,
1,https://www.bilibili.com/opus/984674372802314262,984674372802314262,37090048,1729857600,2024-10-25 20:00:00,bilibilié©¬å£é“å¾½ç« ,æ— ,
1,https://t.bilibili.com/981059049712779268,981059049712779268,3546684409777001,1729871940,2024-10-25 23:59:00,é»‘ç¥è¯xBç«™è”åTæ¤ï¼ˆå°ºç éšæœºï¼‰,æ— ,
1,https://www.bilibili.com/opus/982526743131717641,982526743131717641,37663924,1729871940,2024-10-25 23:59:00,Bose QC 45 é™å™ªè€³æœº,æ— ,
1,https://www.bilibili.com/opus/982969579990941713,982969579990941713,651039864,1729871940,2024-10-25 23:59:00,ç´¢å°¼XM5 å¤´æˆ´å¼æ——èˆ°é™å™ªè€³æœº,æ— ,
1,http://www.bilibili.com/opus/990675614634606601,990675614634606601,65900190,1729872000,2024-10-26 00:00:00,æ— ,æ— ,æ— 
1,http://www.bilibili.com/opus/986521840063086633,986521840063086633,1415529171,1729872000,2024-10-26 00:00:00,æ— ,æ— ,æ— 
1,http://www.bilibili.com/opus/985517126959759378,985517126959759378,401480763,1729872000,2024-10-26 00:00:00,æ— ,æ— ,æ— 
1,http://www.bilibili.com/opus/988006374080249861,988006374080249861,235555226,1729872000,2024-10-26 00:00:00,æ— ,æ— ,æ— 
1,http://www.bilibili.com/opus/988717770983079958,988717770983079958,1790756206,1729872000,2024-10-26 00:00:00,æ— ,æ— ,æ— 
1,http://www.bilibili.com/opus/986984515472719875,986984515472719875,1109922940,1729872000,2024-10-26 00:00:00,æ— ,æ— ,æ— 
1,http://www.bilibili.com/opus/981317323276156928,981317323276156928,571307144,1729872000,2024-10-26 00:00:00,æ— ,æ— ,æ— 
1,http://www.bilibili.com/opus/984465113373212681,984465113373212681,622557681,1729872000,2024-10-26 00:00:00,æ— ,æ— ,æ— 
1,http://www.bilibili.com/opus/989498619643035650,989498619643035650,1409863611,1729872000,2024-10-26 00:00:00,æ— ,æ— ,æ— 
1,http://www.bilibili.com/opus/989314423522852873,989314423522852873,436170053,1729872000,2024-10-26 00:00:00,æ— ,æ— ,æ— 
1,http://www.bilibili.com/opus/969881586279383048,969881586279383048,26053073,1729872000,2024-10-26 00:00:00,æ— ,æ— ,æ— 
1,http://www.bilibili.com/opus/990647555638427649,990647555638427649,65900190,1729872000,2024-10-26 00:00:00,æ— ,æ— ,æ— 
1,https://www.bilibili.com/opus/989839010842017847,989839010842017847,557818222,1729908000,2024-10-26 10:00:00,ã€Œå‡¡äººÂ·é‡é€¢æœ‰æœŸã€ç³»åˆ—å‘¨è¾¹,æ— ,
1,https://www.bilibili.com/opus/988756451473227810,988756451473227810,3546599741458758,1729909800,2024-10-26 10:30:00,ç™½è™çš„çˆªå°ç­¾åæ¿,æ— ,
1,https://www.bilibili.com/opus/989869745623793672,989869745623793672,1636034895,1729911600,2024-10-26 11:00:00,éšæœºè§’è‰²äºšå…‹åŠ›ç«‹ç‰Œ*1,æ— ,
1,https://www.bilibili.com/opus/989869810029428756,989869810029428756,401742377,1729922400,2024-10-26 14:00:00,æ—©æŸšè§’è‰²ç«‹ç‰Œ,æ— ,
1,https://www.bilibili.com/opus/990333627838496818,990333627838496818,1340190821,1729926420,2024-10-26 15:07:00,é¦™è•‰çºªå¿µå“ä¸€ä»½,æ— ,
1,https://www.bilibili.com/opus/988804086910418945,988804086910418945,1881796598,1729936800,2024-10-26 18:00:00,Celebrateç³»åˆ—ç”Ÿæ—¥çºªå¿µå¡ç”°åŒ,æ— ,
1,https://www.bilibili.com/opus/980941702612123649,980941702612123649,178047796,1729938720,2024-10-26 18:32:00,AMDäº”åå‘¨å¹´çºªå¿µé“¶å¸,Bç«™æœˆåº¦å¤§ä¼šå‘˜,
1,https://www.bilibili.com/opus/988509860206215171,988509860206215171,39101587,1729944000,2024-10-26 20:00:00,æ°´æ‰‹æœå…”å¥³éƒ,æ— ,
1,http://www.bilibili.com/opus/968335660078333956,968335660078333956,287886755,1729958400,2024-10-27 00:00:00,æ— ,æ— ,æ— 
1,http://www.bilibili.com/opus/990310194508464131,990310194508464131,873668,1729958400,2024-10-27 00:00:00,æ— ,æ— ,æ— 
1,http://www.bilibili.com/opus/985409439281446913,985409439281446913,895949,1729958400,2024-10-27 00:00:00,æ— ,æ— ,æ— 
1,https://www.bilibili.com/opus/981493769140436999,981493769140436999,17474339,1729974600,2024-10-27 04:30:00,å¤§ä¼šå‘˜,ç™¾å…ƒç°é‡‘,Redmi Note 14 Pro+
1,https://www.bilibili.com/opus/989851681014415376,989851681014415376,1746158065,1729983600,2024-10-27 07:00:00,æ–°æœˆåŒè¡Œè§’è‰²ç«‹ç‰Œï¼ˆéšæœºæ¬¾ï¼‰,æ— ,
1,https://www.bilibili.com/opus/982969481206693890,982969481206693890,287795639,1730003700,2024-10-27 12:35:00,OPPO Find X8 Ultra,vivo X200 Ultra,100å…ƒ ç°é‡‘çº¢åŒ…
1,https://www.bilibili.com/opus/986939525684002823,986939525684002823,267637532,1730009340,2024-10-27 14:09:00,å•è‚©åŒ…ï¼ˆéšæœºæ¬¾ï¼‰,æ— ,
1,https://www.bilibili.com/opus/990596428306841664,990596428306841664,1340190821,1730012820,2024-10-27 15:07:00,æ»‘æ¿è½¦ä¸€è¾†,æ— ,
1,https://www.bilibili.com/opus/987627940194811906,987627940194811906,3493265644980448,1730034000,2024-10-27 21:00:00,ã€ç™¾é¬¼å¤œè¡Œå­¦é™¢éšæœºè§’è‰²ç«‹ç‰Œã€‘1ä»½,æ— ,
1,https://www.bilibili.com/opus/989591603542753337,989591603542753337,441666939,1730037600,2024-10-27 22:00:00,bilibilié¾™å¹´å°ç”µè§†æŠ±æ•,bilibilié¾™å¹´æ‹œå¹´çºªå¡å¥—åŒ…,
1,https://www.bilibili.com/opus/981437423469723657,981437423469723657,686977782,1730037600,2024-10-27 22:00:00,æ¿€èƒ½é™†å†²æ¿ã€#1è½¦æ¨¡ã€#3è½¦æ¨¡,Leoç©å¶ã€ä¾¿æºæ°´æ¯ã€Crocsæ´æ´é‹,å® ç‰©çƒã€#1å¾½ç« ã€#3å¾½ç« 
1,http://www.bilibili.com/opus/991351573787443206,991351573787443206,429711841,1730044800,2024-10-28 00:00:00,æ— ,æ— ,æ— 
1,http://www.bilibili.com/opus/991061779410845720,991061779410845720,40488476,1730044800,2024-10-28 00:00:00,æ— ,æ— ,æ— 
1,http://www.bilibili.com/opus/984097189307351044,984097189307351044,436170053,1730044800,2024-10-28 00:00:00,æ— ,æ— ,æ— 
1,http://www.bilibili.com/opus/982524771739631668,982524771739631668,622557681,1730044800,2024-10-28 00:00:00,æ— ,æ— ,æ— 
1,http://www.bilibili.com/opus/988112365265354773,988112365265354773,3461568324963100,1730044800,2024-10-28 00:00:00,æ— ,æ— ,æ— 
1,http://www.bilibili.com/opus/986992684453330960,986992684453330960,3461568324962897,1730044800,2024-10-28 00:00:00,æ— ,æ— ,æ— 
1,http://www.bilibili.com/opus/988377304598052868,988377304598052868,485213685,1730044800,2024-10-28 00:00:00,æ— ,æ— ,æ— 
1,http://www.bilibili.com/opus/986878133425668104,986878133425668104,396808737,1730044800,2024-10-28 00:00:00,æ— ,æ— ,æ— 
1,http://www.bilibili.com/opus/986895777125105680,986895777125105680,269145434,1730044800,2024-10-28 00:00:00,æ— ,æ— ,æ— 
1,http://www.bilibili.com/opus/982895886967242770,982895886967242770,261113477,1730044800,2024-10-28 00:00:00,æ— ,æ— ,æ— 
1,http://www.bilibili.com/opus/959220695816994837,959220695816994837,3493085459778150,1730044800,2024-10-28 00:00:00,æ— ,æ— ,æ— 
1,http://www.bilibili.com/opus/985473975445356551,985473975445356551,1024366005,1730044800,2024-10-28 00:00:00,æ— ,æ— ,æ— 
1,http://www.bilibili.com/opus/990674652574515207,990674652574515207,473499647,1730044800,2024-10-28 00:00:00,æ— ,æ— ,æ— 
1,http://www.bilibili.com/opus/990580951420502021,990580951420502021,627553716,1730044800,2024-10-28 00:00:00,æ— ,æ— ,æ— 
1,http://www.bilibili.com/opus/990241960393441280,990241960393441280,571307144,1730044800,2024-10-28 00:00:00,æ— ,æ— ,æ— 
1,http://www.bilibili.com/opus/990652610759360514,990652610759360514,233964704,1730044800,2024-10-28 00:00:00,æ— ,æ— ,æ— 
1,http://www.bilibili.com/opus/990741404913238024,990741404913238024,662770213,1730044800,2024-10-28 00:00:00,æ— ,æ— ,æ— 
1,http://www.bilibili.com/opus/985748582798721025,985748582798721025,3493140742801623,1730044800,2024-10-28 00:00:00,æ— ,æ— ,æ— 
1,http://www.bilibili.com/opus/982055011827580949,982055011827580949,502893941,1730044800,2024-10-28 00:00:00,æ— ,æ— ,æ— 
1,http://www.bilibili.com/opus/981756900313923592,981756900313923592,3546567483066493,1730044800,2024-10-28 00:00:00,æ— ,æ— ,æ— 
1,https://www.bilibili.com/opus/990220176313024545,990220176313024545,1746158065,1730070000,2024-10-28 07:00:00,æ–°æœˆåŒè¡Œè§’è‰²ç«‹ç‰Œï¼ˆéšæœºæ¬¾ï¼‰,æ— ,
1,https://www.bilibili.com/opus/989168978760826888,989168978760826888,1746158065,1730070000,2024-10-28 07:00:00,100å…ƒäº¬ä¸œå¡,é…·å„¿æ©™æ±ä¸€ç®±ï¼ˆ12ç“¶ï¼‰,
1,https://www.bilibili.com/opus/989984876539150371,989984876539150371,26583216,1730073600,2024-10-28 08:00:00,æ™®é€šç‰ˆç«æ—º,æ— ,
0,https://www.bilibili.com/opus/982165948688498724,982165948688498724,476680419,1730098800,2024-10-28 15:00:00,X870 EAGLE WiFi7çŒé¹°ä¸»æ¿,æ— ,
0,https://www.bilibili.com/opus/959867934517231623,959867934517231623,17202395,1730100600,2024-10-28 15:30:00,è§ç®€ä»‹-ä¸€ç­‰å¥–,æ•°ç äº§å“,
0,https://www.bilibili.com/opus/989577769439461382,989577769439461382,37090048,1730116800,2024-10-28 20:00:00,é¾™å¹´å°ç”µè§†æŠ±æ•,æ— ,
0,http://www.bilibili.com/opus/990708870551699460,990708870551699460,3546593890404826,1730131200,2024-10-29 00:00:00,æ— ,æ— ,æ— 
0,http://www.bilibili.com/opus/990598940885778500,990598940885778500,571307144,1730131200,2024-10-29 00:00:00,æ— ,æ— ,æ— 
0,http://www.bilibili.com/opus/987350751626919989,987350751626919989,1857872834,1730131200,2024-10-29 00:00:00,æ— ,æ— ,æ— 
0,http://www.bilibili.com/opus/990564125894508551,990564125894508551,1926487680,1730131200,2024-10-29 00:00:00,æ— ,æ— ,æ— 
0,https://www.bilibili.com/opus/990714389620326405,990714389620326405,38606568,1730131200,2024-10-29 00:00:00,upä¸»ç”µå­ç­¾å,ç›²ç›’5ä¸ª,ç›²ç›’2ä¸ª
0,http://www.bilibili.com/opus/990969489192386576,990969489192386576,72338055,1730131200,2024-10-29 00:00:00,æ— ,æ— ,æ— 
0,https://www.bilibili.com/opus/960352643002138629,960352643002138629,17871667,1730142000,2024-10-29 03:00:00,ã€Šé»‘ç¥è¯æ‚Ÿç©ºã€‹æ ‡å‡†ç‰ˆSteamæ¸¸æˆKey,ç”µç«å¤–è®¾å¤§ç¤¼åŒ…,ç”µç«å¤–è®¾å¤§ç¤¼åŒ…
0,https://www.bilibili.com/opus/989862177879883777,989862177879883777,1746158065,1730156400,2024-10-29 07:00:00,æ–°æœˆåŒè¡Œè§’è‰²ç«‹ç‰Œï¼ˆéšæœºæ¬¾ï¼‰,æ— ,
0,https://www.bilibili.com/opus/988834246165528630,988834246165528630,521325931,1730160000,2024-10-29 08:00:00,éšæœºå™¨è€…ç«‹ç‰Œ,æ— ,
0,https://www.bilibili.com/opus/982540796228010051,982540796228010051,3493265644980448,1730206800,2024-10-29 21:00:00,ã€ã€Šè”šè“æ¡£æ¡ˆã€‹è§’è‰²å‘¨è¾¹å°ç¤¼åŒ…ã€‘1ä»½,æ— ,
0,http://www.bilibili.com/opus/986995368813133876,986995368813133876,236711132,1730217600,2024-10-30 00:00:00,æ— ,æ— ,æ— 
0,http://www.bilibili.com/opus/985839378396872707,985839378396872707,436170053,1730217600,2024-10-30 00:00:00,æ— ,æ— ,æ— 
0,https://t.bilibili.com/980264399135571984,980264399135571984,388800103,1730217600,2024-10-30 00:00:00,31å°ã€ITX&ç´§å‡‘å‹MATXæœºç®±ã€‘,æ— ,
0,http://www.bilibili.com/opus/987983915666898984,987983915666898984,3546740875594396,1730217600,2024-10-30 00:00:00,æ— ,æ— ,æ— 
0,http://www.bilibili.com/opus/975966648741658633,975966648741658633,3537109308672309,1730217600,2024-10-30 00:00:00,æ— ,æ— ,æ— 
0,http://www.bilibili.com/opus/981829760137035783,981829760137035783,171818544,1730217600,2024-10-30 00:00:00,æ— ,æ— ,æ— 
0,http://www.bilibili.com/opus/983561529559351344,983561529559351344,3546564112943712,1730217600,2024-10-30 00:00:00,æ— ,æ— ,æ— 
0,http://www.bilibili.com/opus/989846527011717142,989846527011717142,3546740875594396,1730217600,2024-10-30 00:00:00,æ— ,æ— ,æ— 
0,http://www.bilibili.com/opus/988014315437031462,988014315437031462,3546740875594396,1730217600,2024-10-30 00:00:00,æ— ,æ— ,æ— 
0,http://www.bilibili.com/opus/986516196523245575,986516196523245575,351621599,1730217600,2024-10-30 00:00:00,æ— ,æ— ,æ— 
0,http://www.bilibili.com/opus/985181110217474052,985181110217474052,436170053,1730217600,2024-10-30 00:00:00,æ— ,æ— ,æ— 
0,http://www.bilibili.com/opus/988098110273093634,988098110273093634,1930028358,1730217600,2024-10-30 00:00:00,æ— ,æ— ,æ— 
0,http://www.bilibili.com/opus/990611875152527367,990611875152527367,405724215,1730217600,2024-10-30 00:00:00,æ— ,æ— ,æ— 
0,http://www.bilibili.com/opus/988849188356751364,988849188356751364,486445583,1730217600,2024-10-30 00:00:00,æ— ,æ— ,æ— 
0,http://www.bilibili.com/opus/988740987390001153,988740987390001153,2070837133,1730217600,2024-10-30 00:00:00,æ— ,æ— ,æ— 
0,http://www.bilibili.com/opus/988803438625161224,988803438625161224,171844704,1730217600,2024-10-30 00:00:00,æ— ,æ— ,æ— 
0,http://www.bilibili.com/opus/987436406119858182,987436406119858182,436170053,1730217600,2024-10-30 00:00:00,æ— ,æ— ,æ— 
0,http://www.bilibili.com/opus/986901796529111081,986901796529111081,3546740875594396,1730217600,2024-10-30 00:00:00,æ— ,æ— ,æ— 
0,http://www.bilibili.com/opus/977994979230089273,977994979230089273,108412997,1730217600,2024-10-30 00:00:00,æ— ,æ— ,æ— 
0,http://www.bilibili.com/opus/987363773918478341,987363773918478341,493230543,1730217600,2024-10-30 00:00:00,æ— ,æ— ,æ— 
0,http://www.bilibili.com/opus/986878361049497641,986878361049497641,396808737,1730217600,2024-10-30 00:00:00,æ— ,æ— ,æ— 
0,http://www.bilibili.com/opus/979246461821648902,979246461821648902,1083527529,1730217600,2024-10-30 00:00:00,æ— ,æ— ,æ— 
0,http://www.bilibili.com/opus/979233628457271331,979233628457271331,1083527529,1730217600,2024-10-30 00:00:00,æ— ,æ— ,æ— 
0,http://www.bilibili.com/opus/982880858853605431,982880858853605431,430040367,1730217600,2024-10-30 00:00:00,æ— ,æ— ,æ— 
0,http://www.bilibili.com/opus/982985269532688385,982985269532688385,157707117,1730217600,2024-10-30 00:00:00,æ— ,æ— ,æ— 
0,http://www.bilibili.com/opus/990676666901594133,990676666901594133,413132743,1730217600,2024-10-30 00:00:00,æ— ,æ— ,æ— 
0,http://www.bilibili.com/opus/988740985291800584,988740985291800584,628831867,1730217600,2024-10-30 00:00:00,æ— ,æ— ,æ— 
0,http://www.bilibili.com/opus/988807089129259012,988807089129259012,406929044,1730217600,2024-10-30 00:00:00,æ— ,æ— ,æ— 
0,http://www.bilibili.com/opus/989515380731936773,989515380731936773,433865481,1730217600,2024-10-30 00:00:00,æ— ,æ— ,æ— 
0,https://t.bilibili.com/990294556526247945,990294556526247945,125526,1730221200,2024-10-30 01:00:00,å®ç‰©å¥–å“è¯¦è§åŠ¨æ€,æ•°å­—æ”¶è—å¡,
0,https://t.bilibili.com/982508893241344000,982508893241344000,386615477,1730250000,2024-10-30 09:00:00,YOGAå³çƒ­é¥®æ°´æœº,æ— ,
0,https://www.bilibili.com/opus/986955180839796787,986955180839796787,946974,1730257200,2024-10-30 11:00:00,åä¸ºMate XT éå‡¡å¤§å¸ˆä¸€å°,æ— ,
0,https://www.bilibili.com/opus/982889354320936969,982889354320936969,2048450375,1730260800,2024-10-30 12:00:00,æ¸´åˆ›Q15 Max ç™½è‰² çº¢è½´,è¿ˆä»Z75S çƒˆç„°æ©™è½´,å‰è¡Œè€…X87 åŒ—ææ‹¿é“è½´
0,https://www.bilibili.com/opus/990611400563884071,990611400563884071,472753524,1730260800,2024-10-30 12:00:00,WD_BLACK å®šåˆ¶æ°´å£¶,å®šåˆ¶é¼ æ ‡å«,å®šåˆ¶èºä¸åˆ€å¥—è£…
0,https://t.bilibili.com/973175736043044905,973175736043044905,36081646,1730261880,2024-10-30 12:18:00,å…¨å¥—å¾½ç« ï¼ˆå…±3æ¬¾ï¼‰,æ— ,
0,https://www.bilibili.com/opus/989869926043877397,989869926043877397,3546564112943712,1730282400,2024-10-30 18:00:00,ã€åŠçªŸé¬¼èŒ¶è‚†æ¬¢è¿æ‚¨ã€‘ä¾¿ç­¾æœ¬,æ— ,
0,https://www.bilibili.com/opus/980297204094730256,980297204094730256,323024456,1730286000,2024-10-30 19:00:00,AirPodsè’¸é”…æ‰‹è¡¨,å§†æ˜æªç“·æ¯,ç°é‡‘çº¢åŒ…
0,http://www.bilibili.com/opus/990403678783406103,990403678783406103,434003400,1730304000,2024-10-31 00:00:00,æ— ,æ— ,æ— 
0,http://www.bilibili.com/opus/990712377422905367,990712377422905367,1310714247,1730304000,2024-10-31 00:00:00,æ— ,æ— ,æ— 
0,http://www.bilibili.com/opus/990677508694212616,990677508694212616,514051666,1730304000,2024-10-31 00:00:00,æ— ,æ— ,æ— 
0,http://www.bilibili.com/opus/990392842549460996,990392842549460996,96667014,1730304000,2024-10-31 00:00:00,æ— ,æ— ,æ— 
0,http://www.bilibili.com/opus/988833967047180296,988833967047180296,357430679,1730304000,2024-10-31 00:00:00,æ— ,æ— ,æ— 
0,http://www.bilibili.com/opus/988902699408818185,988902699408818185,219282,1730304000,2024-10-31 00:00:00,æ— ,æ— ,æ— 
0,http://www.bilibili.com/opus/987721533996662832,987721533996662832,1930420310,1730304000,2024-10-31 00:00:00,æ— ,æ— ,æ— 
0,http://www.bilibili.com/opus/988055710379016197,988055710379016197,383768376,1730304000,2024-10-31 00:00:00,æ— ,æ— ,æ— 
0,http://www.bilibili.com/opus/978705381836455975,978705381836455975,1864084681,1730304000,2024-10-31 00:00:00,æ— ,æ— ,æ— 
0,http://www.bilibili.com/opus/986863650743517192,986863650743517192,1563299793,1730304000,2024-10-31 00:00:00,æ— ,æ— ,æ— 
0,http://www.bilibili.com/opus/986520448539820034,986520448539820034,505566286,1730304000,2024-10-31 00:00:00,æ— ,æ— ,æ— 
0,http://www.bilibili.com/opus/975407985136238597,975407985136238597,514978269,1730304000,2024-10-31 00:00:00,æ— ,æ— ,æ— 
0,http://www.bilibili.com/opus/984371289853526016,984371289853526016,1310496424,1730304000,2024-10-31 00:00:00,æ— ,æ— ,æ— 
0,http://www.bilibili.com/opus/986698908725936133,986698908725936133,28856253,1730304000,2024-10-31 00:00:00,æ— ,æ— ,æ— 
0,http://www.bilibili.com/opus/986622801859313713,986622801859313713,3461569182698067,1730304000,2024-10-31 00:00:00,æ— ,æ— ,æ— 
0,http://www.bilibili.com/opus/987996375358636032,987996375358636032,1694196506,1730304000,2024-10-31 00:00:00,æ— ,æ— ,æ— 
0,http://www.bilibili.com/opus/982815291936342038,982815291936342038,480520643,1730304000,2024-10-31 00:00:00,æ— ,æ— ,æ— 
0,http://www.bilibili.com/opus/990700010028924952,990700010028924952,1475698485,1730304000,2024-10-31 00:00:00,æ— ,æ— ,æ— 
0,http://www.bilibili.com/opus/987353388685459473,987353388685459473,515090296,1730304000,2024-10-31 00:00:00,æ— ,æ— ,æ— 
0,http://www.bilibili.com/opus/983178878081040400,983178878081040400,1861940979,1730304000,2024-10-31 00:00:00,æ— ,æ— ,æ— 
0,http://www.bilibili.com/opus/980987637314617352,980987637314617352,15211260,1730304000,2024-10-31 00:00:00,æ— ,æ— ,æ— 
0,http://www.bilibili.com/opus/976321185430110245,976321185430110245,1572727087,1730304000,2024-10-31 00:00:00,æ— ,æ— ,æ— 
0,http://www.bilibili.com/opus/968814501706072104,968814501706072104,36081646,1730304000,2024-10-31 00:00:00,æ— ,æ— ,æ— 
0,http://www.bilibili.com/opus/983972832865157156,983972832865157156,504822817,1730304000,2024-10-31 00:00:00,æ— ,æ— ,æ— 
0,http://www.bilibili.com/opus/984310992805560320,984310992805560320,13418682,1730304000,2024-10-31 00:00:00,æ— ,æ— ,æ— 
0,http://www.bilibili.com/opus/971438735258288137,971438735258288137,700085399,1730304000,2024-10-31 00:00:00,æ— ,æ— ,æ— 
0,http://www.bilibili.com/opus/976974810701627396,976974810701627396,434976151,1730304000,2024-10-31 00:00:00,æ— ,æ— ,æ— 
0,http://www.bilibili.com/opus/982896002949185556,982896002949185556,429886010,1730304000,2024-10-31 00:00:00,æ— ,æ— ,æ— 
0,http://www.bilibili.com/opus/967331217531731977,967331217531731977,36081646,1730304000,2024-10-31 00:00:00,æ— ,æ— ,æ— 
0,http://www.bilibili.com/opus/976902728293810180,976902728293810180,429702140,1730304000,2024-10-31 00:00:00,æ— ,æ— ,æ— 
0,https://www.bilibili.com/opus/982908896431570968,982908896431570968,9321359,1730313540,2024-10-31 02:39:00,é›·è›‡é»‘å¯¡å¦‡èœ˜è››V4æ— çº¿ä¸“ä¸šç‰ˆ75%çƒ­æ’æ‹”,é›¶åˆ»miniä¸»æœºï¼ˆäºŒé€‰ä¸€ï¼‰,ä¸ƒå½©è™¹æ©˜å® R16 æ¸¸æˆæœ¬
0,https://www.bilibili.com/opus/971326898641567747,971326898641567747,2727049,1730313600,2024-10-31 02:40:00,iPhone16promaxæˆ–4080s,666å…ƒ,66å…ƒ
0,https://www.bilibili.com/opus/982921270227107857,982921270227107857,10215511,1730326500,2024-10-31 06:15:00,5000ç°é‡‘çº¢åŒ…,çƒé‹ç›²ç›’éšæœºä¸€ä¸ª,æœé¥°ç›²ç›’éšæœºä¸€ä¸ª
0,https://t.bilibili.com/971691623195869186,971691623195869186,94071,1730347200,2024-10-31 12:00:00,66å…ƒçº¢åŒ…,æ— ,
0,https://www.bilibili.com/opus/990627751491796994,990627751491796994,329360018,1730347200,2024-10-31 12:00:00,ä»¿å¤å°å±é£åŠ å¢¨å¢ƒCDKä¸€ä¸ª,å¢¨å¢ƒCDKä¸€ä¸ª,
0,https://www.bilibili.com/opus/982603180655247367,982603180655247367,326499679,1730347260,2024-10-31 12:01:00,å“”å“©å“”å“©éšæœºå‘¨è¾¹ä¸€ä»½,æ— ,
0,https://www.bilibili.com/opus/988454631232241665,988454631232241665,3493275608549942,1730363100,2024-10-31 16:25:00,å®šåˆ¶éé—é€šèŠ±ç“·è´è¶å…°é¦™è–°,æ¸©æ–“å¿ƒé€‰é¦™æ°´Ã—1,é²œèŠ±é»„æ²¹æ›²å¥‡ç¤¼ç›’Ã—1
0,https://t.bilibili.com/975110545786011649,975110545786011649,415543548,1730365200,2024-10-31 17:00:00,NS Liteä¸€å°,æ— ,
0,https://www.bilibili.com/opus/989873894581075972,989873894581075972,1606210274,1730368800,2024-10-31 18:00:00,P5è®¾å®šé›†,P5Xéšæœºè§’è‰²ç«‹ç‰Œ,ç”µå­äº¬ä¸œå¡50å…ƒ
0,https://www.bilibili.com/opus/984024643030482944,984024643030482944,2139961917,1730368800,2024-10-31 18:00:00,ä»™å‰‘29å‘¨å¹´çºªå¿µå†°ç®±è´´,æ— ,
0,https://www.bilibili.com/opus/983598371844390936,983598371844390936,4591661,1730368800,2024-10-31 18:00:00,è™ç¬¦å…ˆé”‹å”åˆ€é¼ æ ‡å«,è™ç¬¦é’é«“3é¼ æ ‡å«,è™ç¬¦å”åˆ€å°ºç‰é¼ æ ‡å«
0,https://t.bilibili.com/982923735538335752,982923735538335752,218751342,1730368800,2024-10-31 18:00:00,268é»‘ç¥è¯æ ‡å‡†ç‰ˆï¼ˆæˆ–268çº¢åŒ…ï¼‰,Bç«™æœˆåº¦å¤§ä¼šå‘˜,
0,https://www.bilibili.com/opus/982196765046341638,982196765046341638,37755980,1730375040,2024-10-31 19:44:00,FuRyuä»»æ„æ™¯å“æ‰‹åŠä¸€æ”¯,æ— ,
0,https://www.bilibili.com/opus/990286344568700928,990286344568700928,37090048,1730376000,2024-10-31 20:00:00,Bç«™ç¾é£ŸåŒºé™å®šå†°ç®±è´´ï¼ˆéšæœºä¸€æ¬¾ï¼‰,æ— ,
0,https://t.bilibili.com/971803927783669766,971803927783669766,297991412,1730376000,2024-10-31 20:00:00,RTX 5090 æ˜¾å¡,iPhone 16 Pro Max,Steamç‰ˆã€Šé»‘ç¥è¯æ‚Ÿç©ºã€‹
0,https://www.bilibili.com/opus/986686371685990418,986686371685990418,478822905,1730376000,2024-10-31 20:00:00,åå¤«æ ¼å››ä»¶å¥—,æ•å¤´ä¸€å¯¹,æ·±ç¡çœ¼ç½©
0,https://www.bilibili.com/opus/986941806317928456,986941806317928456,8372353,1730376000,2024-10-31 20:00:00,iQOO Z9 Turbo+,æ— ,
0,https://www.bilibili.com/opus/982112850013061127,982112850013061127,269923679,1730376000,2024-10-31 20:00:00,2000å…ƒäº¬ä¸œå¡,æ— ,
0,https://t.bilibili.com/988324171577556995,988324171577556995,37755980,1730377920,2024-10-31 20:32:00,FuRyuä»»æ„æ™¯å“æ‰‹åŠä¸€åª,æ— ,
0,https://www.bilibili.com/opus/990005904704274437,990005904704274437,202653692,1730378700,2024-10-31 20:45:00,é’¢é“ä¾ éŸ³å“,æ— ,
0,https://www.bilibili.com/opus/987799232089948166,987799232089948166,271176426,1730383200,2024-10-31 22:00:00,çƒé‹ä¸€åŒ,æ— ,
0,https://www.bilibili.com/opus/971029686899441672,971029686899441672,3494361113299785,1730386800,2024-10-31 23:00:00,Redmi Turbo 3æ‰‹æœº,50å…ƒäº¬ä¸œEå¡ç”µå­å¡,
0,https://t.bilibili.com/983004691368509544,983004691368509544,351085345,1730390280,2024-10-31 23:58:00,è‹å¦ˆç­¾åç‰ˆAMD é”é¾™ 7 9700X,Xikii FF04 Ultra æ•´æœº,ROG é¾™é³ ACE Mini ç”µç«é¼ æ ‡
0,https://www.bilibili.com/opus/983225298095964184,983225298095964184,2072717192,1730390340,2024-10-31 23:59:00,100å…ƒçº¢åŒ…,ä¸‡æ‹“æ™®åŒå­åº§ä¸ªæ€§è£…æ‰®,
0,https://www.bilibili.com/opus/990008846749532166,990008846749532166,8076065,1730390340,2024-10-31 23:59:00,æ™ºèƒ½æ‰‹è¡¨,å¼€æºæŒæœº,æ‹³çš‡ç»ˆæå†å²ä¹¦ç±
0,https://t.bilibili.com/982821184627277879,982821184627277879,43831821,1730390340,2024-10-31 23:59:00,è¥¿ä¼¯åˆ©äºšS21GSPROå‡çº§ç‰ˆç”µç«è€³æœº,åŒ—é€šé²²é¹20æ¸¸æˆæ‰‹æŸ„,è¥¿ä¼¯åˆ©äºšç¾½DM02é™å™ªè“ç‰™è€³æœº
0,http://www.bilibili.com/opus/991380457439363095,991380457439363095,1880049807,1730390400,2024-11-1 00:00:00,æ— ,æ— ,æ— 
0,http://www.bilibili.com/opus/986676549139824646,986676549139824646,1059786536,1730390400,2024-11-1 00:00:00,æ— ,æ— ,æ— 
0,http://www.bilibili.com/opus/986269811439829044,986269811439829044,432230783,1730390400,2024-11-1 00:00:00,æ— ,æ— ,æ— 
0,http://www.bilibili.com/opus/970190476034441222,970190476034441222,480530139,1730390400,2024-11-1 00:00:00,æ— ,æ— ,æ— 
0,http://www.bilibili.com/opus/977253330731401237,977253330731401237,1980678022,1730390400,2024-11-1 00:00:00,æ— ,æ— ,æ— 
0,http://www.bilibili.com/opus/986197677466189842,986197677466189842,20653637,1730390400,2024-11-1 00:00:00,æ— ,æ— ,æ— 
0,http://www.bilibili.com/opus/988841489622630437,988841489622630437,96646652,1730390400,2024-11-1 00:00:00,æ— ,æ— ,æ— 
0,http://www.bilibili.com/opus/968798189405601811,968798189405601811,3850213,1730390400,2024-11-1 00:00:00,æ— ,æ— ,æ— 
0,https://www.bilibili.com/opus/972493201340366855,972493201340366855,12145493,1730390400,2024-11-01 00:00:00,é»‘ç¥è¯æ‚Ÿç©ºæ ‡å‡†ç‰ˆ1ä»½,ä¸‡ä¸½4070superé»‘ç¥è¯è”åæ˜¾å¡1å¼ ,iphone16æ ‡å‡†ç‰ˆ1éƒ¨
0,http://www.bilibili.com/opus/979862020875616276,979862020875616276,1988649931,1730390400,2024-11-1 00:00:00,æ— ,æ— ,æ— 
0,https://www.bilibili.com/opus/985201099020435461,985201099020435461,50111839,1730390400,2024-11-01 00:00:00,è‡»è—çš®å¯æŠ˜ç°446å…ƒ,å…¸è—çš®å¯æŠ˜ç°168å…ƒ,
0,http://www.bilibili.com/opus/985880539201273862,985880539201273862,198427927,1730390400,2024-11-1 00:00:00,æ— ,æ— ,æ— 
0,http://www.bilibili.com/opus/989512198201016328,989512198201016328,521950960,1730390400,2024-11-1 00:00:00,æ— ,æ— ,æ— 
0,http://www.bilibili.com/opus/988833758724489234,988833758724489234,39668304,1730390400,2024-11-1 00:00:00,æ— ,æ— ,æ— 
0,http://www.bilibili.com/opus/979912628448002119,979912628448002119,1576335154,1730390400,2024-11-1 00:00:00,æ— ,æ— ,æ— 
0,http://www.bilibili.com/opus/985229394255544353,985229394255544353,293985384,1730390400,2024-11-1 00:00:00,æ— ,æ— ,æ— 
0,http://www.bilibili.com/opus/987814303154307075,987814303154307075,436170053,1730390400,2024-11-1 00:00:00,æ— ,æ— ,æ— 
0,https://www.bilibili.com/opus/983009295554576387,983009295554576387,178690106,1730390400,2024-11-01 00:00:00,æœºæ¢°é©å‘½è›Ÿé¾™Pro16 ,ä¸€åŠ ACE3V 12+256,88å…ƒçº¢åŒ…
0,https://www.bilibili.com/opus/982829083022852098,982829083022852098,133901828,1730398920,2024-11-01 02:22:00,rtx4060,rtx4060,rtx4060
0,https://www.bilibili.com/opus/983657204281245715,983657204281245715,14272337,1730401200,2024-11-01 03:00:00,å¤©ç§¤åº§å†°ç®±è´´,233å…ƒçº¢åŒ…,
0,https://www.bilibili.com/opus/989599175545978944,989599175545978944,1746158065,1730415600,2024-11-01 07:00:00,200å…ƒäº¬ä¸œå¡,100å…ƒäº¬ä¸œå¡,æ–°æœˆåŒè¡Œè§’è‰²ç«‹ç‰Œï¼ˆéšæœºæ¬¾ï¼‰
0,https://www.bilibili.com/opus/990231579427078166,990231579427078166,521325931,1730419200,2024-11-01 08:00:00,éšæœºå™¨è€…ç«‹ç‰Œ,æ— ,
0,https://www.bilibili.com/opus/990285000228208658,990285000228208658,282875499,1730433600,2024-11-01 12:00:00,åˆä»£è¡£å¨…é’¥åŒ™æ‰£,ç»ç‰ˆè¡£å¨…çºªå¿µå§å”§,èˆå°è¡£å¨…ç«–æ’æ‰‹æœºå£çº¸
0,https://t.bilibili.com/986719352769216513,986719352769216513,22114319,1730433600,2024-11-01 12:00:00,é­”å¥³ã®é­”æ³•æ¯,å†…å­˜æ¡ï¼ˆé™„åŠ ä¸€äº›å°ç¤¼å“ï¼‰,6æ¬¾åŒäººç«‹ç‰Œå‘¨è¾¹ï¼Œæ¯æ¬¾2ä»½ï¼Œéšæœºå‘è´§
0,https://www.bilibili.com/opus/983267496363556881,983267496363556881,502925577,1730455200,2024-11-01 18:00:00,iPhone 16ProMax 512G,ç´¢å°¼PlayStation 5 Slim,Ray-Ban Meta æ™ºèƒ½çœ¼é•œ
0,https://www.bilibili.com/opus/988465158176112645,988465158176112645,2139961917,1730455200,2024-11-01 18:00:00,å–µå¿†å¦‚æ‘†ä»¶,ä»™å‰‘29å‘¨å¹´çºªå¿µå†°ç®±è´´,
0,https://www.bilibili.com/opus/989986010362282008,989986010362282008,67141,1730460540,2024-11-01 19:29:00,ä»»å¤©å ‚switch oled,æ— ,
0,https://www.bilibili.com/opus/991506291364986882,991506291364986882,51588985,1730464200,2024-11-01 20:30:00,çº¢åŒ…168,æ— ,
0,http://www.bilibili.com/opus/983932451530211369,983932451530211369,50329118,1730476800,2024-11-2 00:00:00,æ— ,æ— ,æ— 
0,http://www.bilibili.com/opus/956836009715171360,956836009715171360,472727109,1730476800,2024-11-2 00:00:00,æ— ,æ— ,æ— 
0,http://www.bilibili.com/opus/987374172028010536,987374172028010536,699204462,1730476800,2024-11-2 00:00:00,æ— ,æ— ,æ— 
0,http://www.bilibili.com/opus/972574792779563059,972574792779563059,8047632,1730476800,2024-11-2 00:00:00,æ— ,æ— ,æ— 
0,https://www.bilibili.com/opus/988857112623841281,988857112623841281,324884920,1730476800,2024-11-02 00:00:00,Bç«™å¹´è´¹å¤§ä¼šå‘˜,50çº¢åŒ…,
0,http://www.bilibili.com/opus/990712542749786134,990712542749786134,401315430,1730476800,2024-11-2 00:00:00,æ— ,æ— ,æ— 
0,https://www.bilibili.com/opus/989498638984020033,989498638984020033,267637532,1730548800,2024-11-02 20:00:00,æ¯›ç»’æŠ±æ•ï¼ˆéšæœºæ¬¾ï¼‰,æ— ,
0,https://www.bilibili.com/opus/990412204307120148,990412204307120148,204408558,1730559540,2024-11-02 22:59:00,488è¶…çº§é¢„è´­,328æ ‡å‡†é¢„è´­,å¤§ä¼šå‘˜
0,http://www.bilibili.com/opus/984017382392463363,984017382392463363,1631015691,1730563200,2024-11-3 00:00:00,æ— ,æ— ,æ— 
0,http://www.bilibili.com/opus/984404936587477017,984404936587477017,1631015691,1730563200,2024-11-3 00:00:00,æ— ,æ— ,æ— 
0,http://www.bilibili.com/opus/986255620867883032,986255620867883032,1425239276,1730563200,2024-11-3 00:00:00,æ— ,æ— ,æ— 
0,http://www.bilibili.com/opus/974045033093136393,974045033093136393,32708543,1730563200,2024-11-3 00:00:00,æ— ,æ— ,æ— 
0,http://www.bilibili.com/opus/986259507760857095,986259507760857095,20431632,1730563200,2024-11-3 00:00:00,æ— ,æ— ,æ— 
0,https://t.bilibili.com/979931539220463625,979931539220463625,15681470,1730624040,2024-11-03 16:54:00,é»‘ç¥è¯æ‚Ÿç©ºcdk,bç«™å¹´åº¦å¤§ä¼šå‘˜,60å…ƒğŸ§§
0,http://www.bilibili.com/opus/991038359009755136,991038359009755136,421669645,1730649600,2024-11-4 00:00:00,æ— ,æ— ,æ— 
0,http://www.bilibili.com/opus/990614467161096232,990614467161096232,588950381,1730649600,2024-11-4 00:00:00,æ— ,æ— ,æ— 
0,http://www.bilibili.com/opus/990585166898397189,990585166898397189,543816944,1730649600,2024-11-4 00:00:00,æ— ,æ— ,æ— 
0,http://www.bilibili.com/opus/990683478694559747,990683478694559747,1213732126,1730649600,2024-11-4 00:00:00,æ— ,æ— ,æ— 
0,http://www.bilibili.com/opus/989083543275569160,989083543275569160,1741810867,1730649600,2024-11-4 00:00:00,æ— ,æ— ,æ— 
0,http://www.bilibili.com/opus/984720898031353896,984720898031353896,1631015691,1730649600,2024-11-4 00:00:00,æ— ,æ— ,æ— 
0,http://www.bilibili.com/opus/984377083749728265,984377083749728265,3546576033155377,1730649600,2024-11-4 00:00:00,æ— ,æ— ,æ— 
0,http://www.bilibili.com/opus/988724960982728706,988724960982728706,1771385364,1730736000,2024-11-05 00:00:00,æ— ,æ— ,æ— 
0,http://www.bilibili.com/opus/984664204454658056,984664204454658056,432158620,1730736000,2024-11-5 00:00:00,æ— ,æ— ,æ— 
0,http://www.bilibili.com/opus/989526088082259968,989526088082259968,622557681,1730736000,2024-11-5 00:00:00,æ— ,æ— ,æ— 
0,https://www.bilibili.com/opus/990720033198964742,990720033198964742,49631892,1730750040,2024-11-05 03:54:00,188å…ƒçº¢åŒ…,æ˜æ—¥æ–¹èˆŸæŠ±æ•,æœˆåº¦å¤§ä¼šå‘˜
0,https://www.bilibili.com/opus/982915304518582295,982915304518582295,591977818,1730775600,2024-11-05 11:00:00,iQOO Z9 Turbo+,Redmi Note 14 Pro+,é­…æ— Lucky 08
0,https://t.bilibili.com/988355133968482307,988355133968482307,2139961917,1730800800,2024-11-05 18:00:00,çº¯é‡‘ç“œå­,æ— ,
0,https://t.bilibili.com/973677422588198918,973677422588198918,36081646,1730810400,2024-11-05 20:40:00,ç³»åˆ—å…¨å¥—å‘¨è¾¹,æ— ,
0,http://www.bilibili.com/opus/979224415797510169,979224415797510169,649869035,1730822400,2024-11-6 00:00:00,æ— ,æ— ,æ— 
0,http://www.bilibili.com/opus/975400073827450902,975400073827450902,491461718,1730822400,2024-11-6 00:00:00,æ— ,æ— ,æ— 
0,http://www.bilibili.com/opus/979113120291094564,979113120291094564,387783803,1730822400,2024-11-6 00:00:00,æ— ,æ— ,æ— 
0,http://www.bilibili.com/opus/958049290702290949,958049290702290949,647409444,1730822400,2024-11-6 00:00:00,æ— ,æ— ,æ— 
0,http://www.bilibili.com/opus/987985416782086144,987985416782086144,1930420310,1730822400,2024-11-6 00:00:00,æ— ,æ— ,æ— 
0,http://www.bilibili.com/opus/978862779519729680,978862779519729680,491461718,1730822400,2024-11-6 00:00:00,æ— ,æ— ,æ— 
0,http://www.bilibili.com/opus/979215138653470737,979215138653470737,1519841129,1730822400,2024-11-6 00:00:00,æ— ,æ— ,æ— 
0,http://www.bilibili.com/opus/988135365052203011,988135365052203011,429717985,1730822400,2024-11-6 00:00:00,æ— ,æ— ,æ— 
0,http://www.bilibili.com/opus/985093529393954857,985093529393954857,502893941,1730822400,2024-11-6 00:00:00,æ— ,æ— ,æ— 
0,http://www.bilibili.com/opus/979210646113484839,979210646113484839,32708543,1730822400,2024-11-6 00:00:00,æ— ,æ— ,æ— 
0,http://www.bilibili.com/opus/979211256007229447,979211256007229447,1906321425,1730822400,2024-11-6 00:00:00,æ— ,æ— ,æ— 
0,http://www.bilibili.com/opus/979214524704882706,979214524704882706,394205865,1730822400,2024-11-6 00:00:00,æ— ,æ— ,æ— 
0,http://www.bilibili.com/opus/979183351618338852,979183351618338852,477322873,1730822400,2024-11-6 00:00:00,æ— ,æ— ,æ— 
0,http://www.bilibili.com/opus/979105574014681090,979105574014681090,26366366,1730822400,2024-11-6 00:00:00,æ— ,æ— ,æ— 
0,http://www.bilibili.com/opus/975808731384119300,975808731384119300,491461719,1730822400,2024-11-6 00:00:00,æ— ,æ— ,æ— 
0,https://www.bilibili.com/opus/989213345776140336,989213345776140336,2139961917,1730887200,2024-11-06 18:00:00,ç–¯ç‹‚æ˜ŸæœŸå››Vä»™å‹50,æ— ,
0,https://t.bilibili.com/973530208303841287,973530208303841287,22863497,1730894400,2024-11-06 20:00:00,é³‚ï¼ˆå‡ºè·åå‘è´§ï¼‰,æ— ,
0,http://www.bilibili.com/opus/973998179325313032,973998179325313032,32708543,1730908800,2024-11-7 00:00:00,æ— ,æ— ,æ— 
0,http://www.bilibili.com/opus/985787767908728841,985787767908728841,1631015691,1730908800,2024-11-7 00:00:00,æ— ,æ— ,æ— 
0,http://www.bilibili.com/opus/981746798547697688,981746798547697688,491461719,1730908800,2024-11-7 00:00:00,æ— ,æ— ,æ— 
0,http://www.bilibili.com/opus/989568135840399395,989568135840399395,698926571,1730995200,2024-11-8 00:00:00,æ— ,æ— ,æ— 
0,http://www.bilibili.com/opus/986529938275303442,986529938275303442,3461576495466533,1730995200,2024-11-8 00:00:00,æ— ,æ— ,æ— 
0,http://www.bilibili.com/opus/980335850236674065,980335850236674065,2071691173,1730995200,2024-11-8 00:00:00,æ— ,æ— ,æ— 
0,http://www.bilibili.com/opus/985756844160974851,985756844160974851,1464627422,1730995200,2024-11-8 00:00:00,æ— ,æ— ,æ— 
0,http://www.bilibili.com/opus/986205238724657207,986205238724657207,1631015691,1730995200,2024-11-8 00:00:00,æ— ,æ— ,æ— 
0,http://www.bilibili.com/opus/985758905742131220,985758905742131220,473965081,1730995200,2024-11-8 00:00:00,æ— ,æ— ,æ— 
0,http://www.bilibili.com/opus/986499014469877782,986499014469877782,3493277416294679,1730995200,2024-11-8 00:00:00,æ— ,æ— ,æ— 
0,https://www.bilibili.com/opus/989483224323325988,989483224323325988,1746158065,1731020400,2024-11-08 07:00:00,650ç¤¼é‡‘,æ–°æœˆåŒè¡Œå‘¨è¾¹ç¤¼åŒ…,æ–°æœˆåŒè¡Œè§’è‰²ç«‹ç‰Œï¼ˆé¾™äº•æ¬¾ï¼‰
0,https://www.bilibili.com/opus/985858482401968151,985858482401968151,17138783,1731034800,2024-11-08 11:00:00,888å…ƒç°é‡‘,æ— ,
0,https://www.bilibili.com/opus/989261080019599361,989261080019599361,32708657,1731060000,2024-11-08 18:00:00,è¶³å¤ªä¸­å›½ç”Ÿæ—¥ä¼šé—¨ç¥¨,æ— ,
0,http://www.bilibili.com/opus/988107050244374532,988107050244374532,6731340,1731081600,2024-11-9 00:00:00,æ— ,æ— ,æ— 
0,http://www.bilibili.com/opus/986537669169250307,986537669169250307,1631015691,1731081600,2024-11-9 00:00:00,æ— ,æ— ,æ— 
0,http://www.bilibili.com/opus/986239768096407570,986239768096407570,3494373702503336,1731081600,2024-11-9 00:00:00,æ— ,æ— ,æ— 
0,https://www.bilibili.com/opus/985825866420322308,985825866420322308,1863894913,1731132000,2024-11-09 14:00:00,500å…ƒäº¬ä¸œå¡,ä¸­å›½é»„é‡‘ è´¢ç¥å°é‡‘ç‰‡æ‰‹æœºè´´,â€œè¯·ä½ å–æ¯èŒ¶â€66å…ƒå–œå¡
0,https://www.bilibili.com/opus/978837224463269926,978837224463269926,37090048,1731146400,2024-11-09 18:00:00,è‹±è²å…‹A11æ— çº¿è“ç‰™ä¸‰æ¨¡é¼ æ ‡,æ— ,
0,http://www.bilibili.com/opus/975420350376443913,975420350376443913,17241,1731168000,2024-11-10 00:00:00,æ— ,æ— ,æ— 
0,http://www.bilibili.com/opus/990689188903911429,990689188903911429,373471445,1731168000,2024-11-10 00:00:00,æ— ,æ— ,æ— 
0,http://www.bilibili.com/opus/980341347774889985,980341347774889985,321173469,1731168000,2024-11-10 00:00:00,æ— ,æ— ,æ— 
0,http://www.bilibili.com/opus/977692126109237257,977692126109237257,357061011,1731168000,2024-11-10 00:00:00,æ— ,æ— ,æ— 
0,http://www.bilibili.com/opus/987373583641608226,987373583641608226,1576770770,1731168000,2024-11-10 00:00:00,æ— ,æ— ,æ— 
0,http://www.bilibili.com/opus/988833758731829256,988833758731829256,23876661,1731168000,2024-11-10 00:00:00,æ— ,æ— ,æ— 
0,http://www.bilibili.com/opus/988832261917900800,988832261917900800,3493144272309101,1731168000,2024-11-10 00:00:00,æ— ,æ— ,æ— 
0,http://www.bilibili.com/opus/988752689054613509,988752689054613509,32708626,1731168000,2024-11-10 00:00:00,æ— ,æ— ,æ— 
0,https://www.bilibili.com/opus/967032137731538968,967032137731538968,497525820,1731174720,2024-11-10 01:52:00,ä»·å€¼8699å…ƒ4080superæ˜¾å¡ä¸€å¼ ,é»‘ç¥è¯æ‚Ÿç©ºè±ªåç‰ˆä¸€ä¸ª,ç‹—å±ç‹é¼ æ ‡ä¸€ä¸ª
0,https://www.bilibili.com/opus/983932808050245635,983932808050245635,1197454103,1731189600,2024-11-10 06:00:00,*å°é¢æ¼”ç»*è§’è‰²è¡£ç€åŒå±‚ç«‹ç‰Œéšæœºæ¬¾,*ä»Šå¤œæ˜Ÿå…‰ç¿çƒ‚*CGæ˜ä¿¡ç‰‡å¥—ç»„,
0,https://www.bilibili.com/opus/985045793003012101,985045793003012101,1197454103,1731189600,2024-11-10 06:00:00,1999è§’è‰²äºšå…‹åŠ›æ‘‡æ‘‡ä¹,æ— ,
0,https://www.bilibili.com/opus/984675253266415622,984675253266415622,1197454103,1731189600,2024-11-10 06:00:00,*æ¹–ä¸­è½å½±*ç³»åˆ—ç«‹ç‰Œï¼ˆéšæœºæ¬¾ï¼‰,*æ£’æ£’äººç”Ÿ*è‹¦ç›®æ£’æ£’ç³–,
0,https://t.bilibili.com/986923290666729496,986923290666729496,81796729,1731208200,2024-11-10 11:10:00,100å…ƒçº¢åŒ…,è°‹è¯¸è‘›äº®å·,
0,https://www.bilibili.com/opus/986250402430189571,986250402430189571,1888510872,1731232080,2024-11-10 17:48:00,ç››è‰²OF27Qæ˜¾ç¤ºå™¨,ç››è‰²G72 PLUSæ˜¾ç¤ºå™¨,AMD R5 5600ä¸»æœº
0,http://www.bilibili.com/opus/979196721843142657,979196721843142657,107517148,1731254400,2024-11-11 00:00:00,æ— ,æ— ,æ— 
0,http://www.bilibili.com/opus/987323375505375250,987323375505375250,1695604703,1731254400,2024-11-11 00:00:00,æ— ,æ— ,æ— 
0,http://www.bilibili.com/opus/988846864831873079,988846864831873079,367225934,1731254400,2024-11-11 00:00:00,æ— ,æ— ,æ— 
0,http://www.bilibili.com/opus/988085929764716561,988085929764716561,37896119,1731254400,2024-11-11 00:00:00,æ— ,æ— ,æ— 
0,http://www.bilibili.com/opus/988841019383480336,988841019383480336,1465254680,1731254400,2024-11-11 00:00:00,æ— ,æ— ,æ— 
0,http://www.bilibili.com/opus/983748343514529814,983748343514529814,15778724,1731254400,2024-11-11 00:00:00,æ— ,æ— ,æ— 
0,http://www.bilibili.com/opus/985620790317678626,985620790317678626,21669684,1731254400,2024-11-11 00:00:00,æ— ,æ— ,æ— 
0,http://www.bilibili.com/opus/989135267590832134,989135267590832134,1197454103,1731254400,2024-11-11 00:00:00,æ— ,æ— ,æ— 
0,http://www.bilibili.com/opus/989237380382720025,989237380382720025,1521701206,1731254400,2024-11-11 00:00:00,æ— ,æ— ,æ— 
0,http://www.bilibili.com/opus/989954745148899400,989954745148899400,1930420310,1731254400,2024-11-11 00:00:00,æ— ,æ— ,æ— 
0,http://www.bilibili.com/opus/990685591828955159,990685591828955159,2823869,1731254400,2024-11-11 00:00:00,æ— ,æ— ,æ— 
0,http://www.bilibili.com/opus/986651195925856263,986651195925856263,1536750746,1731254400,2024-11-11 00:00:00,æ— ,æ— ,æ— 
0,http://www.bilibili.com/opus/990325613433716755,990325613433716755,455417154,1731254400,2024-11-11 00:00:00,æ— ,æ— ,æ— 
0,http://www.bilibili.com/opus/989628007711768581,989628007711768581,43272050,1731254400,2024-11-11 00:00:00,æ— ,æ— ,æ— 
0,https://www.bilibili.com/opus/990710850548400128,990710850548400128,490494088,1731294660,2024-11-11 11:11:00,è´­ç‰©æ´¥è´´111.1å…ƒ,æ— ,
0,https://t.bilibili.com/986701532921593865,986701532921593865,166788439,1731294660,2024-11-11 11:11:00,5000å…ƒç°é‡‘çº¢åŒ…,500å…ƒç°é‡‘çº¢åŒ…,50å…ƒç°é‡‘çº¢åŒ…
0,https://www.bilibili.com/opus/972908056524357699,972908056524357699,299732210,1731297600,2024-11-11 12:00:00,ä»·å€¼23333çš„ç”µè„‘ä¸»æœº,æœˆåº¦å¤§ä¼šå‘˜,
0,https://www.bilibili.com/opus/987293675755143176,987293675755143176,285571498,1731297600,2024-11-11 12:00:00,ä¸€äºº500å…ƒ,ä¸€äºº222å…ƒ,
0,https://www.bilibili.com/opus/987613534880792593,987613534880792593,1436758643,1731308400,2024-11-11 15:00:00,ç™½å¤œæå…‰æ’ç”»ç‰¹åˆ«çºªå¿µå†Œ,æ— ,
0,https://www.bilibili.com/opus/987635731506659360,987635731506659360,1436758643,1731308400,2024-11-11 15:00:00,ç™½å¤œæå…‰å…‰çµè‰²çº¸ï¼ˆæ¬¾å¼éšæœºï¼‰,æ— ,
0,https://www.bilibili.com/opus/987791239151616008,987791239151616008,108766164,1731326400,2024-11-11 20:00:00,åŒ11è´­ç‰©åŸºé‡‘1111å…ƒ,SKGçœ¼éƒ¨æŒ‰æ‘©ä»ª æˆ– 88VIPå…¨èƒ½å¡,è´­ç‰©è¢‹ æˆ– è®¡ç®—å™¨
0,http://www.bilibili.com/opus/987272108630343721,987272108630343721,3461576495466533,1731340800,2024-11-12 00:00:00,æ— ,æ— ,æ— 
0,http://www.bilibili.com/opus/989509509551489033,989509509551489033,396808737,1731340800,2024-11-12 00:00:00,æ— ,æ— ,æ— 
0,http://www.bilibili.com/opus/988099319311630339,988099319311630339,1436758643,1731340800,2024-11-12 00:00:00,æ— ,æ— ,æ— 
0,https://www.bilibili.com/opus/988009294616068099,988009294616068099,1436758643,1731394800,2024-11-12 15:00:00,å…‰çµç‰¹åˆ«çºªå¿µPVCæµ·æŠ¥ï¼ˆæ¬¾å¼éšæœºï¼‰,æ— ,
0,http://www.bilibili.com/opus/987720503213948950,987720503213948950,2038413965,1731427200,2024-11-13 00:00:00,æ— ,æ— ,æ— 
0,https://www.bilibili.com/opus/977045888118554640,977045888118554640,1575718735,1731438000,2024-11-13 03:00:00,iP16p/Mba13/M70pä¸‰é€‰ä¸€,å¤§ç¤¼åŒ…ï¼ˆæ‰‹ç¯+æ°´å£¶+å……ç”µå™¨ï¼‰,15å‘¨å¹´åº†ç¤¼ç›’+å……ç”µå®
0,https://www.bilibili.com/opus/965994013841686531,965994013841686531,693447092,1731513540,2024-11-13 23:59:00,iPhone 16 Pro,æ— ,
0,http://www.bilibili.com/opus/988431904394969097,988431904394969097,1631015691,1731513600,2024-11-14 00:00:00,æ— ,æ— ,æ— 
0,http://www.bilibili.com/opus/987993426883510272,987993426883510272,1631015691,1731513600,2024-11-14 00:00:00,æ— ,æ— ,æ— 
0,http://www.bilibili.com/opus/988530993598038034,988530993598038034,1631015691,1731513600,2024-11-14 00:00:00,æ— ,æ— ,æ— 
0,http://www.bilibili.com/opus/988053773348765701,988053773348765701,436170053,1731513600,2024-11-14 00:00:00,æ— ,æ— ,æ— 
0,http://www.bilibili.com/opus/987692394778460162,987692394778460162,392143408,1731513600,2024-11-14 00:00:00,æ— ,æ— ,æ— 
0,http://www.bilibili.com/opus/989096610727198724,989096610727198724,37896119,1731600000,2024-11-15 00:00:00,æ— ,æ— ,æ— 
0,http://www.bilibili.com/opus/988539297922547734,988539297922547734,700845578,1731600000,2024-11-15 00:00:00,æ— ,æ— ,æ— 
0,http://www.bilibili.com/opus/990952807528923145,990952807528923145,3546740875594396,1731600000,2024-11-15 00:00:00,æ— ,æ— ,æ— 
0,http://www.bilibili.com/opus/990364485025792017,990364485025792017,1902330279,1731600000,2024-11-15 00:00:00,æ— ,æ— ,æ— 
0,http://www.bilibili.com/opus/988498701868597249,988498701868597249,226257459,1731600000,2024-11-15 00:00:00,æ— ,æ— ,æ— 
0,http://www.bilibili.com/opus/989212607059591171,989212607059591171,1930420310,1731600000,2024-11-15 00:00:00,æ— ,æ— ,æ— 
0,http://www.bilibili.com/opus/988837624200298504,988837624200298504,1930420310,1731600000,2024-11-15 00:00:00,æ— ,æ— ,æ— 
0,http://www.bilibili.com/opus/988416287917998085,988416287917998085,410857229,1731600000,2024-11-15 00:00:00,æ— ,æ— ,æ— 
0,http://www.bilibili.com/opus/988474637167886390,988474637167886390,620617977,1731600000,2024-11-15 00:00:00,æ— ,æ— ,æ— 
0,http://www.bilibili.com/opus/990576933440847879,990576933440847879,1266247416,1731600000,2024-11-15 00:00:00,æ— ,æ— ,æ— 
0,https://www.bilibili.com/opus/988385366286270498,988385366286270498,178778949,1731643200,2024-11-15 12:00:00,é‡‘å…‹ä¸æ‰‹åŠ,æ— ,
0,https://www.bilibili.com/opus/977006868329136153,977006868329136153,326499679,1731645000,2024-11-15 12:30:00,å“”å“©å“”å“©æ¼«ç”»éšæœºå‘¨è¾¹ä¸€ä»½,æ— ,
0,https://t.bilibili.com/988513738522886146,988513738522886146,434334701,1731668400,2024-11-15 19:00:00,773å…ƒç°é‡‘,ä¸ƒæµ·çš„éšæœºå‘¨è¾¹ä¸€ä»½,
0,https://www.bilibili.com/opus/980728453224464448,980728453224464448,36081646,1731674700,2024-11-15 20:45:00,æ´›å¤©ä¾å…«éŸ³ç›’,æ— ,
0,https://www.bilibili.com/opus/988478167629955075,988478167629955075,3493265644980448,1731675600,2024-11-15 21:00:00,ã€è”šè“æ¡£æ¡ˆåŠ¨ç”»è“å…‰ç¤¼ç›’ã€‘1å¥—,æ— ,
0,https://www.bilibili.com/opus/989143999249907747,989143999249907747,31748830,1731756600,2024-11-16 19:30:00,4070TI SUPERé‡‘å±å¤§å¸ˆOCæ˜¾å¡,ç§»åŠ¨å›ºæ€ç¡¬ç›˜PSD01,å‡¤é¸£å¤©éŸ³é»‘é¾™æ ‡å‡†ç‰ˆè€³æœº
0,https://t.bilibili.com/989083517487939602,989083517487939602,534970347,1731859140,2024-11-17 23:59:00,T-Model 1/72 ä¸­ä¸œå°å…µäººæ¨¡å‹,æ— ,
0,http://www.bilibili.com/opus/988467249832525831,988467249832525831,395167076,1731859200,2024-11-18 00:00:00,æ— ,æ— ,æ— 
0,https://www.bilibili.com/opus/967555595252006934,967555595252006934,17202395,1731890940,2024-11-18 08:49:00,å¥–å“,æ— ,
0,https://www.bilibili.com/opus/989235791300395033,989235791300395033,521568502,1731898800,2024-11-18 11:00:00,å®åéŸ¦å¥PI7 S2çœŸæ— çº¿é™å™ªè€³æœº,åŸå¸‚æ¼«æ¸¸è¡Œæç®±24å¯¸ï¼ˆè¤å²©é»„/æµ·äº‘è“ï¼‰,å’–å’–éšè¡Œæ¯
0,https://t.bilibili.com/989560898820505603,989560898820505603,371846699,1731899880,2024-11-18 11:18:00,ä¸ƒå½©è™¹4090/å®‡æ ‘æœºå™¨ç‹—Go2,åç¡•4070/å°ç±³14Pro/Quest,EMOæœºå™¨äºº/PS5/SteamDeck
0,https://www.bilibili.com/opus/989930300390768664,989930300390768664,326246517,1731949860,2024-11-19 01:11:00,å°”å…‹èŠ·å¢ƒ2ä»£ä¸“ä¸šç«é€Ÿç¢³æ¿è·‘é‹,æ— ,
0,https://www.bilibili.com/opus/982984479233540097,982984479233540097,13204325,1731992400,2024-11-19 13:00:00,10000 å…ƒç°é‡‘çº¢åŒ…,2500 å…ƒç°é‡‘çº¢åŒ…,200 å…ƒç°é‡‘çº¢åŒ…
0,http://www.bilibili.com/opus/981829526074949655,981829526074949655,3546579550079690,1732032000,2024-11-20 00:00:00,æ— ,æ— ,æ— 
0,http://www.bilibili.com/opus/988528386536112144,988528386536112144,232472043,1732032000,2024-11-20 00:00:00,æ— ,æ— ,æ— 
0,http://www.bilibili.com/opus/985464629623783449,985464629623783449,623285063,1732032000,2024-11-20 00:00:00,æ— ,æ— ,æ— 
0,http://www.bilibili.com/opus/985039075656335395,985039075656335395,3493265269590447,1732032000,2024-11-20 00:00:00,æ— ,æ— ,æ— 
0,http://www.bilibili.com/opus/990417482779983872,990417482779983872,1797328835,1732032000,2024-11-20 00:00:00,æ— ,æ— ,æ— 
0,http://www.bilibili.com/opus/990712104684093477,990712104684093477,397339091,1732032000,2024-11-20 00:00:00,æ— ,æ— ,æ— 
0,http://www.bilibili.com/opus/990271050164994072,990271050164994072,47994846,1732032000,2024-11-20 00:00:00,æ— ,æ— ,æ— 
0,https://t.bilibili.com/988775460953391120,988775460953391120,39180492,1732046400,2024-11-20 04:00:00,ç©å®¶å›½åº¦ROGç¥ç§˜ç¤¼ç›’,å¤–ç½®æ˜¾å¡PCIeæ‰©å±•åº•åº§,ç”µè„‘æ˜¾ç¤ºå™¨å¢é«˜æ¶
0,https://www.bilibili.com/opus/990654294433726470,990654294433726470,1256480893,1732084980,2024-11-20 14:43:00,Bose QuietComfort 45,å°ç±³ï¼ˆMIï¼‰æ‰‹ç¯8Pro æˆ– XBOX ,Bç«™å¹´åº¦å¤§ä¼šå‘˜
0,https://t.bilibili.com/989552051215138825,989552051215138825,8618005,1732087500,2024-11-20 15:25:00,648å…ƒäººæ°‘å¸çº¢åŒ…,æ— ,
0,http://www.bilibili.com/opus/987271668355301393,987271668355301393,586631367,1732118400,2024-11-21 00:00:00,æ— ,æ— ,æ— 
0,http://www.bilibili.com/opus/990604202229104646,990604202229104646,7005369,1732118400,2024-11-21 00:00:00,æ— ,æ— ,æ— 
0,http://www.bilibili.com/opus/990690372159012889,990690372159012889,1930420310,1732118400,2024-11-21 00:00:00,æ— ,æ— ,æ— 
0,https://www.bilibili.com/opus/968768141777698852,968768141777698852,174501086,1732150740,2024-11-21 08:59:00,ç¢§è“èˆªçº¿ è´å¥‡ å‘¨å¹´çºªå¿µ 1/7æ¯”ä¾‹æ‰‹åŠ,æ— ,
0,https://www.bilibili.com/opus/990704674395914295,990704674395914295,3493265644980448,1732194000,2024-11-21 21:00:00,ã€ã€Šè”šè“æ¡£æ¡ˆã€‹è§’è‰²å‘¨è¾¹å°ç¤¼åŒ…ã€‘1ä»½,æ— ,
0,https://t.bilibili.com/982872737115537410,982872737115537410,92568184,1732217160,2024-11-22 03:26:00,iPhone 16 128g ä¸€å°,æ— ,
0,http://www.bilibili.com/opus/987320197204410391,987320197204410391,40992449,1732464000,2024-11-25 00:00:00,æ— ,æ— ,æ— 
0,http://www.bilibili.com/opus/988420159824723968,988420159824723968,1845213301,1732464000,2024-11-25 00:00:00,æ— ,æ— ,æ— 
0,https://www.bilibili.com/opus/990351198560190515,990351198560190515,311871090,1732478700,2024-11-25 04:05:00,iphone16æ‰‹æœº,airpods4è€³æœº,100å…ƒç°é‡‘çº¢åŒ…
0,https://www.bilibili.com/opus/970973397037088771,970973397037088771,204120111,1732512840,2024-11-25 13:34:00,å¤–æ˜ŸäººX14æ¸¸æˆæœ¬,é»‘ç¥è¯æ‚Ÿç©ºæ ‡å‡†ç‰ˆ,è“¬å•†ç”µå­è“ç‰™è€³æœº
0,http://www.bilibili.com/opus/979269094175932434,979269094175932434,287886755,1732550400,2024-11-26 00:00:00,æ— ,æ— ,æ— 
0,https://t.bilibili.com/970702633735028740,970702633735028740,438694500,1732618800,2024-11-26 19:00:00,é»‘ç¥è¯ æ‚Ÿç©ºæ¸¸æˆ,88å…ƒç°é‡‘çº¢åŒ…,
0,http://www.bilibili.com/opus/981176276532330516,981176276532330516,700764023,1732636800,2024-11-27 00:00:00,æ— ,æ— ,æ— 
0,http://www.bilibili.com/opus/985816516285956096,985816516285956096,2030906413,1732636800,2024-11-27 00:00:00,æ— ,æ— ,æ— 
0,https://www.bilibili.com/opus/971712058650263570,971712058650263570,43222001,1732734000,2024-11-28 03:00:00,åŸç¥/å´©é“/ç»è‡ªé€‰æ»¡å‘½è§’è‰²ï¼ˆæŠ˜ç°7000,648å…ƒçº¢åŒ…,
0,https://www.bilibili.com/opus/971338825775185924,971338825775185924,174501086,1732755540,2024-11-28 08:59:00,è”šè“æ¡£æ¡ˆ ç‹å‚è‹¥è—»æ³³è£…æ¯”ä¾‹æ‰‹åŠ,æ— ,
0,https://www.bilibili.com/opus/971765071196717078,971765071196717078,1871001,1732871040,2024-11-29 17:04:00,648å…ƒ,æ— ,
0,http://www.bilibili.com/opus/978438952191000599,978438952191000599,32708726,1732896000,2024-11-30 00:00:00,æ— ,æ— ,æ— 
0,http://www.bilibili.com/opus/963971045559107621,963971045559107621,1425239276,1732896000,2024-11-30 00:00:00,æ— ,æ— ,æ— 
0,http://www.bilibili.com/opus/986952921659736086,986952921659736086,275163312,1732896000,2024-11-30 00:00:00,æ— ,æ— ,æ— 
0,https://www.bilibili.com/opus/971994448191815687,971994448191815687,38568774,1732896000,2024-11-30 00:00:00,648å…ƒçº¢åŒ…,æ— ,
0,http://www.bilibili.com/opus/976126619108245511,976126619108245511,8939133,1732896000,2024-11-30 00:00:00,æ— ,æ— ,æ— 
0,http://www.bilibili.com/opus/985485507445129216,985485507445129216,623285063,1732896000,2024-11-30 00:00:00,æ— ,æ— ,æ— 
0,http://www.bilibili.com/opus/986248053126070279,986248053126070279,477322873,1732896000,2024-11-30 00:00:00,æ— ,æ— ,æ— 
0,https://www.bilibili.com/opus/986237556214464514,986237556214464514,171086,1732960800,2024-11-30 18:00:00,iPhone16Pro æ²™æ¼ é‡‘,88å…ƒçº¢åŒ…,
0,https://www.bilibili.com/opus/981806636016336899,981806636016336899,36081646,1732962420,2024-11-30 18:27:00,æ— é™é¨æ¸¸ç³»åˆ—å…¨å¥—å‘¨è¾¹+æ˜Ÿçƒç—›åŒ…,ProjectLuoç³»åˆ— å……ç”µå¤´+å……ç”µå®,æ´›å¤©ä¾ 12åˆ†å¯åŠ¨æ‰‹åŠ
0,https://www.bilibili.com/opus/986685405345611797,986685405345611797,354963705,1732975200,2024-11-30 22:00:00,é›·è›‡ç”µç«é¼ æ ‡,å‡¤é¸£å¤©éŸ³ æ·±æ¸Šé»‘é¾™PROè€³æœº,4060Tiä¾¿æºä¸»æœºæˆ–æ˜Ÿç’¨å¤§å²šç”˜é›¨æœºç®±
0,https://t.bilibili.com/982412703149588483,982412703149588483,30949419,1732975200,2024-11-30 22:00:00,è‹¹æœiPhone 16,é“­åŒ å…‰å­¦å…¨ç”»å¹…75F2,å¤§ä¼šå‘˜ï¼ä¸€èµ·çœ‹æ›´å¤šå¥½ç©å†…å®¹
0,https://www.bilibili.com/opus/983016777388654633,983016777388654633,18937162,1732980600,2024-11-30 23:30:00,åä¸ºMate XTæˆ–ä¸¤å°Mate70ç³»åˆ—,èŒ¶é¢œæ‚¦è‰²é›¶é£Ÿå¤§ç¤¼åŒ…,
0,http://www.bilibili.com/opus/990615631106670625,990615631106670625,12355462,1732982400,2024-12-1 00:00:00,æ— ,æ— ,æ— 
0,http://www.bilibili.com/opus/988400826002178051,988400826002178051,287886755,1732982400,2024-12-1 00:00:00,æ— ,æ— ,æ— 
0,https://www.bilibili.com/opus/983190607644065816,983190607644065816,703018634,1732984200,2024-12-01 00:30:00,88.88rçº¢åŒ…,æ— ,
0,https://www.bilibili.com/opus/972529197421428738,972529197421428738,174501086,1733014740,2024-12-01 08:59:00,ç¢§è“èˆªçº¿ é³‚ æ³¢å…‰æ½‹æ»Ÿ1/7æ¯”ä¾‹æ‰‹åŠ,æ— ,
0,https://www.bilibili.com/opus/973271269023678471,973271269023678471,174501086,1733187540,2024-12-03 08:59:00,ç¢§è“èˆªçº¿ é³‚ æ¯”ä¾‹æ‰‹åŠ é‡è£…ç‰ˆ,ç¢§è“èˆªçº¿ é³‚ æ¯”ä¾‹æ‰‹åŠ è½»è£…ç‰ˆ,
0,https://www.bilibili.com/opus/981825529598443541,981825529598443541,941799,1733304600,2024-12-04 17:30:00,ä¸ƒå½©è™¹RTX4080Super*1ä»½,å¾®æ˜ŸRTX4070Super*10ä»½,æ’¼è®¯RX7700XT 12GB ç«æŠ€
0,https://www.bilibili.com/opus/985155426299412485,985155426299412485,36081646,1733569500,2024-12-07 19:05:00,æ´›å¤©ä¾æ¯›ç»’ç©å¶,æ— ,
0,http://www.bilibili.com/opus/990240790014853142,990240790014853142,1432747633,1733587200,2024-12-8 00:00:00,æ— ,æ— ,æ— 
0,http://www.bilibili.com/opus/986989317193728002,986989317193728002,321173469,1733673600,2024-12-9 00:00:00,æ— ,æ— ,æ— 
0,https://www.bilibili.com/opus/975906261493088275,975906261493088275,357121507,1733835060,2024-12-10 20:51:00,1å°1TB Mate XTï¼ˆæ²¡æŠ¢åˆ°å°±æŠ˜ç°,æ— ,
0,https://www.bilibili.com/opus/975949657865715728,975949657865715728,8878641,1733839200,2024-12-10 22:00:00,åä¸ºMate XT16+1T è‹¥æ²¡è´§æŠ˜ç°,æ— ,
0,https://www.bilibili.com/opus/977605393477795856,977605393477795856,620903,1734192000,2024-12-15 00:00:00,æ³°è•¾èæ‰‹åŠ,æ— ,
0,https://www.bilibili.com/opus/979215357695754260,979215357695754260,241332396,1734524520,2024-12-18 20:22:00,iPhone16 Pro,iPhone16,æ­£ç‰ˆçƒè¡£ï¼ˆè‡ªé€‰çƒé˜Ÿï¼‰
0,https://t.bilibili.com/979209409178632192,979209409178632192,174501086,1734569940,2024-12-19 08:59:00,æ˜æ—¥æ–¹èˆŸ W ç››ç¤¼ 1/7æ¯”ä¾‹æ‰‹åŠ,æ— ,
0,https://www.bilibili.com/opus/990969463419437089,990969463419437089,326499679,1734656400,2024-12-20 09:00:00,ã€Šçƒˆç«æµ‡æ„ã€‹æ¼«ç”»å•è¡Œæœ¬*1,æ— ,
0,http://www.bilibili.com/opus/983032535667703826,983032535667703826,18672197,1734710400,2024-12-21 00:00:00,æ— ,æ— ,æ— 
0,https://www.bilibili.com/opus/979962759547453449,979962759547453449,371767572,1734779040,2024-12-21 19:04:00,1Wå…ƒç°é‡‘çº¢åŒ… æŠ½1äºº,1000å…ƒç°é‡‘çº¢åŒ… æŠ½10äºº,
0,https://www.bilibili.com/opus/980644525234978817,980644525234978817,174501086,1734915540,2024-12-23 08:59:00,ä¸œæ–¹Project é­‚é­„å¦–æ¢¦ æ¯”ä¾‹æ‰‹åŠ,æ— ,
0,http://www.bilibili.com/opus/983271971458383877,983271971458383877,375191059,1734969600,2024-12-24 00:00:00,æ— ,æ— ,æ— 
0,https://www.bilibili.com/opus/981462664973647874,981462664973647874,174501086,1735088280,2024-12-25 08:58:00,BearPandaå›½é£ç³»åˆ— è½çº¢ æ‰‹åŠ,æ— ,
0,http://www.bilibili.com/opus/989547193575669768,989547193575669768,287886755,1735142400,2024-12-26 00:00:00,æ— ,æ— ,æ— 
0,http://www.bilibili.com/opus/982483275887935496,982483275887935496,287886755,1735142400,2024-12-26 00:00:00,æ— ,æ— ,æ— 
0,http://www.bilibili.com/opus/988493597329326083,988493597329326083,287886755,1735142400,2024-12-26 00:00:00,æ— ,æ— ,æ— 
0,https://www.bilibili.com/opus/981785577767567376,981785577767567376,174501086,1735174740,2024-12-26 08:59:00,å°ç™¾åˆ ä¹³ç‰› 1/7æ¯”ä¾‹æ‰‹åŠ,æ— ,
0,https://www.bilibili.com/opus/982838489043173376,982838489043173376,21540057,1735387800,2024-12-28 20:10:00,iPhone16 128g,æ€ªç‰©çŒäººè’é‡,50ç°é‡‘çº¢åŒ…
0,https://www.bilibili.com/opus/982964464728932403,982964464728932403,17202395,1735478340,2024-12-29 21:19:00,æ¸´åˆ›å®¢åˆ¶åŒ–,æ— ,
0,http://www.bilibili.com/opus/968824805324226561,968824805324226561,349976981,1735574400,2024-12-31 00:00:00,æ— ,æ— ,æ— 
0,http://www.bilibili.com/opus/976508815353577509,976508815353577509,102734471,1735574400,2024-12-31 00:00:00,æ— ,æ— ,æ— 
0,http://www.bilibili.com/opus/989215484645736449,989215484645736449,1265301803,1735574400,2024-12-31 00:00:00,æ— ,æ— ,æ— 
0,https://www.bilibili.com/opus/987614819093839890,987614819093839890,174501086,1735605000,2024-12-31 08:30:00,å“è¶Šçº§Â·æ¢µå¤©ä¸¸ ä¼šå‘˜è´­ä¸“å±ç‰ˆ,æ— ,
0,https://t.bilibili.com/989924463512387591,989924463512387591,160450916,1735740000,2025-01-01 22:00:00,1000å…ƒç°é‡‘çº¢åŒ…,æ˜Ÿé“å°æœˆå¡,
0,https://t.bilibili.com/990392430273495042,990392430273495042,174501086,1737160200,2025-01-18 08:30:00,å¤§æ¼«åŒ  ç™½å…”rosu  æ‰‹åŠ,æ— ,
0,https://t.bilibili.com/990259681397047320,990259681397047320,17202395,1737177120,2025-01-18 13:12:00,éº¦å…‹é£,DUX Studio,
0,https://t.bilibili.com/990995886036221961,990995886036221961,174501086,1737246600,2025-01-19 08:30:00,æ—©æ¿‘ä¼˜é¦™ ä½“æ“æœæ‰‹åŠ,æ— ,
çŠ¶æ€,é“¾æ¥,æ´»åŠ¨id,upid,æŠ½å¥–æ—¶é—´æˆ³,æŠ½å¥–æ—¶é—´,ä¸€ç­‰å¥–,äºŒç­‰å¥–,ä¸‰ç­‰å¥–
